file	category	kind	verdict	format	pieces	distinct_prefabs	footprint	top_tier	top_tier_pieces	missing_pct	stations	portals	beds	snap_points	ih_discarded_rows	creator	licence	role	fit	note
14464-Valheimian.blueprint	base	exploit	EXPLOIT/PLACES_WITH_GAPS	blueprint	2329	100	37.0x37.5x10152.4	ashlands	18	0.09	38	7	2	0	1	Торкель	none stated	dvergr house shell wrapped round 491 loot objects	nowhere -- 488 mountain-cave chests	byte-identical to gnome_house; 1 discarded #Terrain row
15643-Valheimian.blueprint	base	exploit	EXPLOIT/PLACES_WITH_GAPS	blueprint	5692	185	60.5x60.3x10102.5	ashlands	830	0.54	57	13	5	7	2	Азура Тираэцу	none stated	keep wrapped round 361 loot objects	nowhere -- chest payload	also names 4 mod-only pieces incl. turrets; 2 discarded rows
BjOrN_blueprint001.blueprint	base	setpiece	PLACES_WITH_GAPS	blueprint	1908	61	65.5x66.0x16.8	blackforest	990	0.05	21	1	0	0	0	BjOrN	none stated	palisaded longhouse compound	Black Forest / pre-bonemass -- already selected	978 log-wall pieces: the palisade is most of it
Black_Viking_forteca_starting_base.blueprint	base	setpiece	PLACES_WITH_GAPS	blueprint	2610	41	45.2x45.2x13.2	ashlands	2	0.8	6	0	0	0	0	Enslaver	none stated	walled starter compound	Meadows -- reference only	0.8% missing, incl. mod-only emberwood + Hayze gates
Portal11.vbuild	portal	module	PLACES_CLEAN	vbuild	111	9	3.0x4.0x3.4	blackforest	35	0.0	0	0	0	0	0		none stated	timber gateway arch, 3 x 3 m, no portal piece included	any road junction; drop a portal_wood inside	darkwood beams + stone floor; stamp repeatedly
Portal12.vbuild	portal	module	PLACES_CLEAN	vbuild	66	7	2.0x4.0x5.0	blackforest	48	0.0	0	0	0	0	0		none stated	stone gateway arch, 2 x 5 m, itemstand plinth	roadside shrine; Black Forest stone tier	44 stone_arch; smallest of the five at 66 pieces
Portal13.vbuild	portal	module	PLACES_CLEAN	vbuild	133	11	3.9x6.5x7.2	blackforest	26	0.0	0	0	0	0	0		none stated	timber-and-stone gate house, 4 x 7 m	portal shack pattern -- already selected pre-kall	133 pieces; roofed, so the portal stays dry
Portal14.vbuild	portal	module	PLACES_CLEAN	vbuild	161	10	3.6x5.3x5.1	blackforest	54	0.0	0	0	0	0	0		none stated	stone arch gateway with stair, 4 x 5 m	hillside road, Black Forest+	161 pieces; includes a Rock_4 for the base
Portal15.vbuild	portal	module	PLACES_CLEAN	vbuild	107	9	4.0x3.6x6.6	blackforest	72	0.0	0	0	0	0	0		none stated	double stone arch shrine, 4 x 7 m	runestone-style roadside shrine	107 pieces; heaviest stone ratio of the five
PuP_Bone-dragon.blueprint	flavour	setpiece	PLACES_CLEAN	blueprint	926	27	107.6x109.2x113.8	mistlands	19	0.0	0	0	0	0	0	PuP	none stated	skeletal dragon landmark built from rock and rib fractures	Mistlands or Ashlands skyline landmark	108 x 109 x 114 m; 926 statics, no building pieces at all
PuP_Capitol.blueprint	base	setpiece	PLACES_CLEAN	blueprint	2304	34	33.2x47.7x24.3	ashlands	110	0.0	0	0	0	0	0	PuP	none stated	large timber capitol hall	Plains / pre-yagluth settlement centre	2304 pieces
PuP_Minicastle.blueprint	base	setpiece	PLACES_CLEAN	blueprint	3810	79	35.2x41.1x28.0	ashlands	1925	0.0	12	0	0	0	0	PuP	none stated	compact grausten castle	Ashlands / pre-fader	1408 blank sign_notext used as decor panels -- ZDO hazard
PuP_Minicastle.blueprint	base	setpiece	PLACES_CLEAN	blueprint	3334	76	35.2x41.1x23.9	ashlands	1925	0.0	12	0	0	0	0	PuP	none stated	compact grausten castle	Ashlands / pre-fader	1408 blank sign_notext used as decor panels -- ZDO hazard
PuP_Owl-tree_house.blueprint	base	empty	EMPTY	blueprint	0	0	0.0x0.0x0.0	meadows	0	0.0	0	0	0	0	0		none stated	0-byte truncated download	-	re-download needed
PuP_black_house_full.blueprint	base	setpiece	PLACES_CLEAN	blueprint	6262	119	40.6x72.5x78.2	ashlands	718	0.0	55	0	0	0	0	PuP	none stated	large black-marble manor	Mistlands / pre-queen -- already selected	6262 pieces, the largest clean base in the corpus
PuP_black_house_light.blueprint	base	setpiece	PLACES_CLEAN	blueprint	5398	97	28.4x31.0x36.8	ashlands	561	0.0	40	0	0	0	0	PuP	none stated	black-marble manor, reduced	Mistlands / pre-queen alternative	5398 pieces
PuP_capitoliy.blueprint	base	setpiece	PLACES_CLEAN	blueprint	5115	59	22.5x23.1x18.9	ashlands	1659	0.0	0	0	0	0	0	PuP	none stated	grausten-and-crystal capitol	Ashlands / Deep North showpiece	2149 wood_ledge pieces -- heavy ledge lattice
PuP_forge1.blueprint	production	module	PLACES_CLEAN	blueprint	343	32	18.5x13.4x15.0	ashlands	2	0.0	10	0	0	0	0	PuP	none stated	roofed forge and workshop shed, 19 x 13 m, 10 stations	workshop annex bolted onto any existing base	343 pieces; the cheapest station upgrade in the corpus
PuP_house1.blueprint	base	module	PLACES_CLEAN	blueprint	238	26	9.5x7.7x8.3	ashlands	40	0.0	0	0	0	0	0	PuP	none stated	two-storey cottage, 10 x 8 m	Meadows / Black Forest village filler	238 pieces; 40 ashwood trim pieces are substitutable
PuP_house10.blueprint	base	module	PLACES_CLEAN	blueprint	225	26	19.1x15.5x9.3	mistlands	8	0.0	1	0	0	0	0	PuP	none stated	wide cottage with porch, 19 x 16 m	Meadows village filler	225 pieces
PuP_house11.blueprint	base	module	PLACES_CLEAN	blueprint	266	30	13.3x9.7x11.0	ashlands	8	0.0	2	0	0	0	0	PuP	none stated	log cottage, 13 x 10 m	Black Forest village filler	266 pieces; 2 stations
PuP_house12.blueprint	base	module	PLACES_CLEAN	blueprint	216	25	11.2x8.8x5.7	ashlands	24	0.0	0	0	0	0	0	PuP	none stated	small cottage, 11 x 9 m	Meadows village filler	216 pieces, only 5.7 m tall -- fits under trees
PuP_house13.blueprint	base	module	PLACES_CLEAN	blueprint	379	31	10.0x13.5x9.0	ashlands	23	0.0	0	0	0	0	0	PuP	none stated	log cabin, 10 x 14 m	Black Forest village filler	379 pieces; 17 blank signs used as shutters
PuP_house2.blueprint	base	module	PLACES_CLEAN	blueprint	302	23	9.7x12.8x7.1	ashlands	8	0.0	0	0	0	0	0	PuP	none stated	gabled cottage, 10 x 13 m	Meadows village filler	302 pieces
PuP_house3.blueprint	base	module	PLACES_CLEAN	blueprint	201	23	13.3x16.2x6.3	ashlands	10	0.0	0	0	0	0	0	PuP	none stated	long low cottage, 13 x 16 m	Meadows village filler	201 pieces
PuP_house4.blueprint	base	module	PLACES_CLEAN	blueprint	178	24	9.6x10.0x7.6	mistlands	29	0.0	1	0	0	0	0	PuP	none stated	cottage, 10 x 10 m	Meadows / Black Forest village filler	178 pieces; 1 station. An earlier pass called this a workshop annex on a station count that was wrongly counting dvergr poles
PuP_house5.blueprint	base	module	PLACES_CLEAN	blueprint	291	33	10.3x12.0x9.2	ashlands	34	0.0	3	0	0	0	0	PuP	none stated	cottage with outbuilding, 10 x 12 m	Meadows village filler	291 pieces; 3 stations
PuP_house6.blueprint	base	module	PLACES_CLEAN	blueprint	230	28	12.1x9.2x8.1	ashlands	64	0.0	0	0	0	0	0	PuP	none stated	cottage with balcony, 12 x 9 m	Meadows village filler	230 pieces
PuP_house7.blueprint	base	module	PLACES_CLEAN	blueprint	152	20	7.8x10.4x8.7	ashlands	4	0.0	2	0	0	0	0	PuP	none stated	tiny cottage, 8 x 10 m	hunting camp / rest stop shell	152 pieces -- second-smallest habitable stamp
PuP_house8.blueprint	base	module	PLACES_CLEAN	blueprint	157	23	9.7x8.6x5.3	ashlands	8	0.0	1	0	0	0	0	PuP	none stated	log hut, 10 x 9 m	Black Forest hunting camp	157 pieces, 5.3 m tall
PuP_house9.blueprint	base	module	PLACES_CLEAN	blueprint	167	20	9.9x9.9x6.8	ashlands	2	0.0	0	0	0	0	0	PuP	none stated	hut, 10 x 10 m	mine-head shelter	167 pieces; 0 stations -- shelter only
PuP_mag-tower.blueprint	flavour	setpiece	PLACES_CLEAN	blueprint	2461	25	24.4x20.9x35.5	ashlands	12	0.0	0	0	0	0	0	PuP	none stated	mage tower, 24 x 21 x 36 m	Mistlands landmark	2461 pieces
PuP_marketmarket.blueprint	flavour	module	PLACES_WITH_GAPS	blueprint	257	32	14.5x14.9x5.8	ashlands	1	0.39	0	0	1	0	0	PuP	none stated	market stall row, 15 x 15 m, 39 banners	trader settlement / festival ground	257 pieces; 1 missing prefab `market` (0.39%)
PuP_megaCastle.blueprint	base	setpiece	PLACES_CLEAN	blueprint	25207	163	208.8x105.3x133.4	ashlands	20520	0.0	46	10	1	0	0	PuP	none stated	castle city, 209 x 105 x 133 m	nowhere sensible -- reference only	25207 pieces; 28 core stands hand out free progression
PuP_rampart1.blueprint	defence	empty	EMPTY	blueprint	0	0	0.0x0.0x0.0	meadows	0	0.0	0	0	0	0	0		none stated	0-byte -- would have been the corpus's only pure rampart	-	re-download is the single highest-value recovery
PuP_stable.blueprint	production	empty	EMPTY	blueprint	0	0	0.0x0.0x0.0	meadows	0	0.0	0	0	0	0	0		none stated	0-byte -- would have been the corpus's only stable	-	re-download wanted; nothing else covers pens
PuP_tavern.blueprint	flavour	empty	EMPTY	blueprint	0	0	0.0x0.0x0.0	meadows	0	0.0	0	0	0	0	0		none stated	0-byte truncated download	-	re-download needed
SerpentShip.blueprint	flavour	empty	EMPTY	blueprint	0	0	0.0x0.0x0.0	meadows	0	0.0	0	0	0	0	0		none stated	0-byte -- serpent ship sculpture	-	re-download needed
SerpentShip_Empty.blueprint	flavour	empty	EMPTY	blueprint	0	0	0.0x0.0x0.0	meadows	0	0.0	0	0	0	0	0		none stated	0-byte -- serpent ship sculpture, hollow	-	re-download needed
Ultimate_OutPost.blueprint	outpost	setpiece	PLACES_CLEAN	blueprint	1820	100	52.7x49.0x13.8	mistlands	36	0.0	54	2	2	0	0	Randominis	none stated	walled outpost, 53 x 49 m, 54 stations, 450 wall pieces	Deep North sandbox -- already selected	1820 pieces; the corpus's best all-in-one forward base
altar.blueprint	flavour	setpiece	PLACES_CLEAN	blueprint	527	27	20.5x20.1x15.3	swamp	8	0.0	0	0	0	8	0	Olivanderr	none stated	open-air altar / assembly bowl, 21 x 20 m, 88 seats	festival ground, any biome	527 pieces; 8 snap points; stampable despite the size
aodi-skardvakt-the-black-tower.blueprint	outpost	module	PLACES_CLEAN	blueprint	358	7	9.3x9.3x10.5	mistlands	355	0.0	0	0	0	0	8	Aodi	none stated	black-marble watchtower, 9 x 9 x 11 m, bonfire on top	Mistlands watch line; signal-fire chain	358 pieces from only 7 prefabs -- cheap and legible. 8 #Terrain rows discarded, so flatten the ground first
arty-dragontavern.blueprint	flavour	setpiece	PLACES_WITH_GAPS	blueprint	6852	51	42.8x50.6x13.0	swamp	111	0.1	0	0	0	0	0	Arty	none stated	dragon-themed tavern	settlement centre	6852 pieces; 188 signs + 200 itemstands; needs mod rk_brazier
arty-magetower.blueprint	flavour	setpiece	PLACES_WITH_GAPS	blueprint	4948	56	36.7x33.4x44.1	mistlands	76	0.36	1	2	0	0	0	Arty	none stated	mage tower, 37 x 33 x 44 m	Mistlands landmark	4948 pieces; 558 itemstands; 0.36% missing incl. mod pieces
berserkers-keep.vbuild	base	setpiece	PLACES_CLEAN	vbuild	10686	55	56.1x45.1x24.0	plains	4	0.0	52	0	4	0	0		none stated	keep with 52 stations and 2515 wall pieces	Plains stronghold	10686 pieces; legacy .vbuild, so no scale and no data payloads
bridge.vbuild	bridge	setpiece	PLACES_CLEAN	vbuild	873	18	39.4x57.5x12.4	swamp	47	0.0	0	0	0	0	0		none stated	timber trestle bridge, 39 x 58 m span	Black Forest river crossing	873 pieces; 105 itemstands as railing decor
citadel.blueprint	base	setpiece	PLACES_CLEAN	blueprint	33655	43	146.6x117.2x126.5	mistlands	32192	0.0	0	0	0	1	0	Пипкин	none stated	citadel, 147 x 117 x 127 m	reference only -- too big to site	33655 pieces; 361 unlit castle torches
cozy_house.blueprint	base	setpiece	PLACES_CLEAN	blueprint	6034	104	52.4x52.5x24.1	mistlands	332	0.0	37	0	9	0	0	Пипкин	none stated	large cosy homestead, 37 stations	Plains / pre-yagluth -- already selected	6034 pieces
creator-looney-swamp-starter-home.blueprint	base	module	PLACES_CLEAN	blueprint	218	39	16.7x15.3x15.0	meadows	218	0.0	12	0	2	7	0	Creator	none stated	core-wood stilt house, 17 x 15 m	Swamp / pre-bonemass forward camp	218 pieces, PURE Meadows-tier materials, 7 snap points
deardly-casa-drly.blueprint	base	setpiece	PLACES_CLEAN	blueprint	1901	129	31.2x29.7x13.0	ashlands	1418	0.0	37	0	1	1	0	Deardly	none stated	ashwood villa	Ashlands / pre-fader -- already selected	1901 pieces
dock.blueprint	dock	setpiece	PLACES_CLEAN	blueprint	2036	49	42.2x29.0x23.5	blackforest	275	0.0	0	0	0	8	0	Olivanderr	none stated	harbour with warehouse, 42 x 29 m	any coast -- already selected twice	2036 pieces; 8 snap points
drake-lighthouse.blueprint	flavour	module	PLACES_CLEAN	blueprint	1255	24	14.1x14.1x48.0	mistlands	1	0.0	0	0	0	0	0	Drake	none stated	lighthouse, 14 x 14 x 48 m	headland navigation landmark, any coast	1255 pieces but only a 14 m footprint -- stampable on any cape
forge (copy 1).blueprint	production	setpiece	PLACES_CLEAN	blueprint	2968	88	31.1x26.2x21.0	ashlands	1140	0.0	18	0	0	8	0	Olivanderr	none stated	byte-identical duplicate of forge.blueprint	-	deduplicate; do not select by this name
forge.blueprint	production	setpiece	PLACES_CLEAN	blueprint	2968	88	31.1x26.2x21.0	ashlands	1140	0.0	18	0	0	8	0	Olivanderr	none stated	walled forge yard, 31 x 26 m, 18 stations	ore-country smelting yard	2968 pieces; 8 snap points
fortress.blueprint	defence	setpiece	PLACES_CLEAN	blueprint	10626	103	76.3x51.1x34.4	ashlands	779	0.0	25	0	4	6	0	Olivanderr	none stated	fortress, 76 x 51 x 34 m, 4 beds	Plains / Mistlands strongpoint	10626 pieces; 6 snap points
fox-0123456.blueprint	base	setpiece	PLACES_CLEAN	blueprint	1229	58	47.4x38.6x12.0	meadows	1229	0.0	24	4	1	0	0	Fox-	none stated	meadow homestead with 4 portals	Meadows / pre-elder -- already selected	1229 pieces, ALL of them Meadows-tier -- the only fully tier-1 build of over a thousand pieces in the corpus
gnome_house.blueprint	base	exploit	EXPLOIT/PLACES_WITH_GAPS	blueprint	2329	100	37.0x37.5x10152.4	ashlands	18	0.09	38	7	2	0	1		none stated	byte-identical to 14464-Valheimian	nowhere	loot payload under a misleading name
god-2.blueprint	outpost	module	PLACES_CLEAN	blueprint	702	22	9.4x9.7x21.5	swamp	74	0.0	0	0	0	8	0	God	none stated	stone watchtower, 9 x 10 x 22 m	Black Forest / Swamp watch line	702 pieces; 8 snap points; stone + woodiron only
god-22.blueprint	outpost	module	PLACES_CLEAN	blueprint	836	24	12.0x12.0x23.0	swamp	74	0.0	0	0	0	8	0	God	none stated	stone watchtower, wider variant, 12 x 12 x 23 m	Black Forest / Swamp watch line	836 pieces; sibling of god-2
god-3.blueprint	outpost	module	PLACES_CLEAN	blueprint	1518	21	16.2x16.5x18.5	mistlands	16	0.0	0	0	4	28	0	God	none stated	stone tower barracks, 16 x 17 x 19 m, 4 beds	forward rest stop with beds	1518 pieces; 28 snap points -- the most snap-friendly file in the corpus
god-house33.blueprint	base	setpiece	PLACES_CLEAN	blueprint	2949	80	29.7x29.1x18.0	mistlands	28	0.0	21	0	1	0	1	God	none stated	manor, 30 x 47 m	Mistlands settlement	2949 pieces; 1 discarded #Terrain row
god-o.blueprint	defence	module	PLACES_CLEAN	blueprint	194	7	7.0x5.0x10.0	blackforest	150	0.0	0	0	0	2	0	God	none stated	stone gate arch, 7 x 5 x 10 m	palisade gateway; road choke point	194 pieces from 7 prefabs -- the cheapest gatehouse available
god-ponte-plus.blueprint	bridge	module	PLACES_CLEAN	blueprint	883	8	7.9x27.1x19.0	swamp	133	0.0	0	0	0	2	2	God	none stated	stone-and-iron bridge, 27 m span, 8 x 27 x 19 m	Swamp / Mountain ravine crossing	883 pieces from 8 prefabs; 2 snap points; 2 #Terrain rows discarded
god-portaaoo.blueprint	defence	setpiece	PLACES_CLEAN	blueprint	2191	28	36.0x12.0x23.0	mistlands	4	0.0	0	0	0	4	0	God	none stated	monumental stone gatehouse, 36 x 12 x 23 m	settlement main gate -- already selected in deepnorth-sandbox as sandbox-portal-hub	2191 pieces, zero beds, zero stations. Filed as a base elsewhere; 'porta' is the clue -- it is a GATE, not a dwelling, and wants something habitable beside it
god-shadowstone-fortress.blueprint	defence	setpiece	PLACES_CLEAN	blueprint	8283	86	135.8x129.4x37.2	mistlands	2	0.0	25	3	15	0	1	God	none stated	fortress, 136 x 129 m, 15 beds, 1894 wall pieces	Mistlands stronghold	8283 pieces; 464 signs + 448 itemstands; 1 discarded row
god-test.blueprint	defence	setpiece	PLACES_CLEAN	blueprint	3356	29	28.6x27.3x36.3	swamp	374	0.0	0	0	0	0	0	God	none stated	stone keep, 29 x 27 x 36 m	Swamp / Mountain strongpoint	3356 pieces despite the throwaway name
gold_castle.blueprint	base	setpiece	PLACES_CLEAN	blueprint	18036	57	64.4x73.2x83.3	mistlands	12340	0.0	2177	0	0	0	0	Пипкин	none stated	castle, 64 x 73 x 83 m	reference only	18036 pieces, of which 2177 are blackforge_ext1 anvils used as metal wall cladding -- a ZDO hazard AND an unintended crafting-level bonus
halvar-master-refinery.blueprint	production	module	PLACES_CLEAN	blueprint	917	51	22.3x23.9x10.6	mistlands	14	0.0	20	0	0	0	0	Halvar	none stated	smelting and refinery yard, 22 x 24 m, 20 stations	ore country -- Black Forest copper or Mountain silver	917 pieces; author's own note says '10 x 7'
hiccup-simplewoodbeambridge.blueprint	bridge	module	PLACES_CLEAN	blueprint	196	13	38.9x36.8x7.4	meadows	196	0.0	1	0	0	0	0	Hiccup	none stated	wood beam bridge, 39 x 37 m diagonal span	Meadows / Black Forest stream crossing	196 pieces, PURE Meadows-tier -- placeable on day one
jaik-mistvale-keep.blueprint	base	setpiece	PLACES_CLEAN	blueprint	3472	75	27.9x26.8x48.0	mistlands	401	0.0	12	1	7	0	0	Jaik	none stated	keep, 28 x 27 x 48 m, 1595 wall pieces	Mountain / pre-moder -- already selected	3472 pieces
long-bridge.blueprint	bridge	setpiece	PLACES_CLEAN	blueprint	814	14	89.3x41.6x18.8	ashlands	352	0.0	0	0	0	8	0	Cooties	none stated	ashwood long bridge, 89 m span	Ashlands / Deep North crossing	814 pieces; 8 snap points; needs ashwood
magic-tower.blueprint	flavour	setpiece	PLACES_CLEAN	blueprint	5895	20	17.4x17.4x36.8	ashlands	1021	0.0	0	0	0	6	0	Olivanderr	none stated	wizard tower, 17 x 17 x 37 m	Mistlands landmark	5895 pieces of which 1853 are mist torches -- SEVERE ZDO hazard
meadhall.blueprint	base	setpiece	PLACES_WITH_GAPS	blueprint	20213	181	89.4x89.1x62.3	ashlands	5148	0.01	51	2	1	7	0	Olivanderr	none stated	great mead hall, 89 x 89 x 62 m	capital settlement	20213 pieces; 360 itemstands; 0.01% missing
ragnar-warehouse.blueprint	production	empty	EMPTY	blueprint	0	0	0.0x0.0x0.0	meadows	0	0.0	0	0	0	0	0		none stated	0-byte -- warehouse	-	re-download needed
s-ren-dockhouse.blueprint	dock	setpiece	PLACES_CLEAN	blueprint	1225	47	35.8x42.8x19.5	swamp	18	0.0	10	0	0	0	0	Sören	none stated	harbour with signal fire, 36 x 43 m, berths 4-6 longships	sheltered bay, any biome but Plains per author	1225 pieces; author's note: 'Dock with Signal Fire. 4-6 Big Ships.'
salty-dick-cottage-final.blueprint	base	module	PLACES_CLEAN	blueprint	877	47	25.7x23.1x16.0	mistlands	20	0.0	6	0	0	0	0	Salty Dick	none stated	cottage, 26 x 23 m	Meadows / Black Forest village	877 pieces; intact only in the bp_old copy
salty-dick-mordach-castle-final.blueprint	base	empty	EMPTY	blueprint	0	0	0.0x0.0x0.0	meadows	0	0.0	0	0	0	0	0		none stated	0-byte -- castle	-	re-download needed
salty-dick-tower-test.blueprint	outpost	empty	EMPTY	blueprint	0	0	0.0x0.0x0.0	meadows	0	0.0	0	0	0	0	0		none stated	0-byte -- tower	-	re-download needed
serpent.blueprint	flavour	empty	EMPTY	blueprint	0	0	0.0x0.0x0.0	meadows	0	0.0	0	0	0	0	0		none stated	0-byte -- serpent sculpture	-	re-download needed
shop.blueprint	flavour	setpiece	PLACES_WITH_GAPS	blueprint	4131	174	51.3x53.8x25.4	ashlands	493	0.61	34	0	0	4	0	Olivanderr	none stated	market hall, 51 x 54 m, 163 itemstands	trader settlement	4131 pieces; 0.61% missing, mostly mod-only decor
skybound.blueprint	base	setpiece	PLACES_CLEAN	blueprint	3702	95	15.1x50.0x35.2	ashlands	548	0.0	13	3	1	4	0	Olivanderr	none stated	vertical ashwood complex, 15 x 50 x 35 m	cliff-face or skybridge site	3702 pieces; unusually narrow footprint for its height
small_long_house.blueprint	base	setpiece	PLACES_CLEAN	blueprint	1444	49	50.2x33.6x15.0	blackforest	322	0.0	5	0	4	0	0	Пипкин	none stated	longhouse, 50 x 34 m, 4 beds	Meadows / pre-eikthyr -- already selected	1444 pieces
smallstarthome.blueprint	base	module	PLACES_CLEAN	blueprint	1013	88	22.3x16.0x11.0	mistlands	4	0.0	20	0	1	0	0	Хельс	none stated	starter home, 22 x 16 m	Meadows starter alternative	1013 pieces
speeds-bridge2.blueprint	bridge	module	PLACES_CLEAN	blueprint	63	3	4.0x25.9x2.4	swamp	32	0.0	0	0	0	0	0	Peeds	none stated	single-span footbridge, 26 m, 4 m wide	ANY ravine or stream, stamp as often as needed	63 pieces from 3 prefabs -- the most repeatable file in the corpus
vcastle.blueprint	base	setpiece	PLACES_CLEAN	blueprint	28297	98	143.6x162.1x135.2	mistlands	20641	0.0	3	0	8	0	0	Пипкин	none stated	castle, 144 x 162 x 135 m	reference only	28297 pieces; 102 Pickable_DragonEgg hand out free progression
wagon-camp.blueprint	outpost	module	PLACES_CLEAN	blueprint	160	35	14.3x10.0x5.3	mistlands	22	0.0	7	0	1	7	0	Cooties	none stated	trader wagon camp, 14 x 10 x 5 m, bed + crates	roadside rest stop -- already selected pre-kall	160 pieces; 7 snap points; the best rest-stop stamp available
you-died-ocean-base.blueprint	portal	setpiece	PLACES_CLEAN	blueprint	3400	137	60.4x64.9x26.0	ashlands	1386	0.0	35	14	2	0	0	YoU DiEd	none stated	ocean platform with 14 portals	portal hub -- teleportall is ON, so this is unusually valuable here	3400 pieces; 14 portals is 3x any other file
